Hash: Average Use Vs Load_x,0.1,0.2,0.30000000000000004,0.4,0.5,0.6,0.7,0.7999999999999999,0.8999999999999999,0.9999999999999999
1 Servers,0.9999908198261602,0.855484473781551,0.8397581428367107,0.9999999596698945,0.8818133045197234,0.9999994114128359,0.9543117194819937,0.9999645418034777,0.9751381749958357,0.9999998429149973
Hash: Average Use Vs Load_x,0.1,0.2,0.30000000000000004,0.4,0.5,0.6,0.7,0.7999999999999999,0.8999999999999999,0.9999999999999999
,0.6456238974747553,0.824173462095471,0.7691750626533425,0.6417857562191702,0.6603464025398992,0.6683859753795839,0.6760347673035285,0.6266918140393948,0.6581873547957184,0.8123119506727541
Hash: Average Use Vs Load_x,0.1,0.2,0.30000000000000004,0.4,0.5,0.6,0.7,0.7999999999999999,0.8999999999999999,0.9999999999999999
,0.48347994570651665,0.5475273676844914,0.5483229453993673,0.5426661683543362,0.5365359772509343,0.5026206641197232,0.49410914280142526,0.4914133990937011,0.5276936773707356,0.5475332866836243
Hash: Average Use Vs Load_x,0.1,0.2,0.30000000000000004,0.4,0.5,0.6,0.7,0.7999999999999999,0.8999999999999999,0.9999999999999999
,0.40490183929472895,0.40553108275998506,0.41341897143001133,0.39840439913668146,0.4013438743368435,0.4005210558079452,0.37769277896024633,0.39250063965210513,0.40799336537630465,0.40127415171898767
Hash: Average Use Vs Load_x,0.1,0.2,0.30000000000000004,0.4,0.5,0.6,0.7,0.7999999999999999,0.8999999999999999,0.9999999999999999
,0.32349225378669144,0.31061794581537405,0.3260964701540566,0.3285308335099266,0.32788885016236546,0.3293227803295686,0.3277795510199053,0.320774175831742,0.3299737191335378,0.3236840807999087
Hash: Average Use Vs Load_x,0.1,0.2,0.30000000000000004,0.4,0.5,0.6,0.7,0.7999999999999999,0.8999999999999999,0.9999999999999999
,0.2758271102511281,0.2698745598714402,0.27867561654092077,0.27129840515513576,0.27963408193290634,0.27445612719969686,0.2765889673876267,0.2691766907556473,0.268939482413274,0.2617912673040204
Hash: Average Use Vs Load_x,0.1,0.2,0.30000000000000004,0.4,0.5,0.6,0.7,0.7999999999999999,0.8999999999999999,0.9999999999999999
,0.23530261873626404,0.2332700277452946,0.2359616884463756,0.23279960044742756,0.23309186390734274,0.22706590907565413,0.23293766183632672,0.2303271647803948,0.23517927781996478,0.23463187053318774
Hash: Average Use Vs Load_x,0.1,0.2,0.30000000000000004,0.4,0.5,0.6,0.7,0.7999999999999999,0.8999999999999999,0.9999999999999999
,0.20480849528480943,0.20251886358094762,0.19748082460243582,0.20201090386986487,0.20410527064322878,0.209388181005292,0.2041581276707426,0.2037482447863499,0.20157053374177422,0.20431093802758563
Hash: Average Use Vs Load_x,0.1,0.2,0.30000000000000004,0.4,0.5,0.6,0.7,0.7999999999999999,0.8999999999999999,0.9999999999999999
,0.18235601237951116,0.18348717702787126,0.1869079352794532,0.18316101297708753,0.18383743663313934,0.1817820961456757,0.17932724745249773,0.18268937602478263,0.1812705953150145,0.18334018590324785
Hash: Average Use Vs Load_x,0.1,0.2,0.30000000000000004,0.4,0.5,0.6,0.7,0.7999999999999999,0.8999999999999999,0.9999999999999999
,0.16284073156151874,0.16279882487432878,0.1655860175175931,0.16309477270692965,0.16233861085537166,0.16531664901278384,0.16406675951263786,0.16567602438555892,0.1616980245645777,0.16536899252985018
Hash: Average Use Vs Load_x,0.1,0.2,0.30000000000000004,0.4,0.5,0.6,0.7,0.7999999999999999,0.8999999999999999,0.9999999999999999
,0.14792037895170365,0.14935606711362476,0.16258757317374964,0.1519956387833396,0.14759361085795614,0.14894969931395255,0.14686028147644944,0.1467757294646496,0.14853749490523574,0.1468176097135484
Hash: Average Use Vs Load_x,0.1,0.2,0.30000000000000004,0.4,0.5,0.6,0.7,0.7999999999999999,0.8999999999999999,0.9999999999999999
,0.13570302298470358,0.13322132136139145,0.13602754024558325,0.1372356459451205,0.1377780503275721,0.13843091310040326,0.13656854725206644,0.1386436159660992,0.1346226599509804,0.13592752830381885
Hash: Average Use Vs Load_x,0.1,0.2,0.30000000000000004,0.4,0.5,0.6,0.7,0.7999999999999999,0.8999999999999999,0.9999999999999999
,0.12603998285780232,0.12620122224307487,0.12518079398959056,0.12755560077801303,0.12436418060094791,0.1270808392973411,0.1265096702817497,0.12411698691619014,0.12669790726537397,0.12637103281952655
Hash: Average Use Vs Load_x,0.1,0.2,0.30000000000000004,0.4,0.5,0.6,0.7,0.7999999999999999,0.8999999999999999,0.9999999999999999
,0.11812618967056486,0.11552611178114887,0.117108856630164,0.11633382326451806,0.11636689245843566,0.11676609102436164,0.11680662941938144,0.11796676666489199,0.12373311084264035,0.11353979171855309
